Name,Given Name,Additional Name,Family Name,Yomi Name,Given Name Yomi,Additional Name Yomi,Family Name Yomi,Name Prefix,Name Suffix,Initials,Nickname,Short Name,Maiden Name,Birthday,Gender,Location,Billing Information,Directory Server,Mileage,Occupation,Hobby,Sensitivity,Priority,Subject,Notes,Group Membership,E-mail 1 - Type,E-mail 1 - Value,E-mail 2 - Type,E-mail 2 - Value,Phone 1 - Type,Phone 1 - Value,Phone 2 - Type,Phone 2 - Value,Address 1 - Type,Address 1 - Formatted,Address 1 - Street,Address 1 - City,Address 1 - PO Box,Address 1 - Region,Address 1 - Postal Code,Address 1 - Country,Address 1 - Extended Address,Website 1 - Type,Website 1 - Value
Adam Cell,Adam Cell,,,,,,,,,,,,,,,,,,,,,,,,,* My Contacts ::: * Starred ::: Imported 3/12/16 ::: Imported 3/12/16 1 ::: Imported Outlook.com 3/12/16,* Other,adam.gilg@gmail.com,,,Mobile,1-415-967-8221,,,,,,,,,,,,Profile,http://www.google.com/profiles/108163027420989733653
Paul Johnstone,Paul,,Johnstone,,,,,,,,,,,,,,,,,,,,,,,* My Contacts ::: * Starred,* Other,pjohnstone64@gmail.com,,,Mobile,503-922-9060,,,Other,296 jadon dr. lebanon oregon 97355,296 jadon dr.,lebanon,,oregon,97355,,,Profile,http://www.google.com/profiles/107656289082823785041
Rory Johnston,Rory Johnston,,,,,,,,,,,,,,,,,,,,,,,,,* My Contacts ::: * Starred ::: Imported 3/12/16 ::: Imported 3/12/16 1 ::: Imported Outlook.com 3/12/16,* Other,roryjohnston1@gmail.com,Other,rrj1@sfu.ca ::: roryjohnston@gmail.com,Home,+16048792440,Mobile,604-879-2440,,,,,,,,,,Profile,http://www.google.com/profiles/104443429100083606296
